{"generated_images": {"_type": "images/separated", "width": 400, "height": 400, "format": "png", "count": 1, "filenames": ["media/images/generated_images_98_274413eb719227163e4e.png"]}, "_timestamp": 1698384363.0155551, "_runtime": 2839.146816253662, "_step": 99, "generator_loss": 0.6976871490478516, "discriminator_loss": 1.3917992115020752, "Epoch ": 50, "Time ": 48.67258620262146, "_wandb": {"runtime": 2838}}