{"generated_images": {"_type": "images/separated", "width": 400, "height": 400, "format": "png", "count": 1, "filenames": ["media/images/generated_images_98_68da25d33939d33e310a.png"]}, "_timestamp": 1698557284.4581404, "_runtime": 3310.402259349823, "_step": 99, "generator_loss": 0.7965165376663208, "discriminator_loss": 1.3831260204315186, "Epoch ": 50, "Time ": 61.01607799530029, "_wandb": {"runtime": 3309}}