{"generated_images": {"_type": "images/separated", "width": 400, "height": 400, "format": "png", "count": 1, "filenames": ["media/images/generated_images_10_595e370d52942b1a9e61.png"]}, "_timestamp": 1698563551.1495888, "_runtime": 2310.6811299324036, "_step": 11, "generator_loss": 0.06531122326850891, "discriminator_loss": 13.330230712890625, "Epoch ": 6, "Time ": 354.2965543270111}