{"generated_images": {"_type": "images/separated", "width": 400, "height": 400, "format": "png", "count": 1, "filenames": ["media/images/generated_images_98_0ee95e40b9a63b0a276b.png"]}, "_timestamp": 1698371306.6891584, "_runtime": 3169.9719853401184, "_step": 99, "generator_loss": 0.7812919616699219, "discriminator_loss": 1.2567434310913086, "Epoch ": 50, "Time ": 79.82637023925781, "_wandb": {"runtime": 3169}}