{"generated_images": {"_type": "images/separated", "width": 400, "height": 400, "format": "png", "count": 1, "filenames": ["media/images/generated_images_98_64571273dd46dd33e9fa.png"]}, "_timestamp": 1698560716.741231, "_runtime": 3224.050598859787, "_step": 99, "generator_loss": 0.891870379447937, "discriminator_loss": 1.160062313079834, "Epoch ": 50, "Time ": 61.533445835113525, "_wandb": {"runtime": 3223}}